<?xml version="1.0" encoding="UTF-8"?>
<project-private xmlns="http://www.netbeans.org/ns/project-private/1">
    <editor-bookmarks xmlns="http://www.netbeans.org/ns/editor-bookmarks/2" lastBookmarkId="0"/>
    <open-files xmlns="http://www.netbeans.org/ns/projectui-open-files/2">
        <group>
            <file>file:/C:/Users/user/Documents/NetBeansProjects/GestionSchooolGUI/src/dao/IDao.java</file>
            <file>file:/C:/Users/user/Documents/NetBeansProjects/GestionSchooolGUI/src/dao/EtudiantDao.java</file>
            <file>file:/C:/Users/user/Documents/NetBeansProjects/GestionSchooolGUI/src/dao/ProfesseurDao.java</file>
            <file>file:/C:/Users/user/Documents/NetBeansProjects/GestionSchooolGUI/src/dao/AssembleurDao.java</file>
            <file>file:/C:/Users/user/Documents/NetBeansProjects/GestionSchooolGUI/src/services/Ischoool.java</file>
            <file>file:/C:/Users/user/Documents/NetBeansProjects/GestionSchooolGUI/src/services/SchoolServiceBD.java</file>
            <file>file:/C:/Users/user/Documents/NetBeansProjects/GestionSchooolGUI/src/controller/FXMLAjouterClasseController.java</file>
            <file>file:/C:/Users/user/Documents/NetBeansProjects/GestionSchooolGUI/src/controller/FXMLInscriptionController.java</file>
            <file>file:/C:/Users/user/Documents/NetBeansProjects/GestionSchooolGUI/src/dao/PersonneDao.java</file>
            <file>file:/C:/Users/user/Documents/NetBeansProjects/GestionSchooolGUI/src/dao/ClasseDao.java</file>
        </group>
    </open-files>
</project-private>
